dimensions,price,description,product_number
40 x 18 x 72H,199,"40"" W Bookcase",3224N-17
26 x 15 x 74H,155,"26"" W Bookcase",3224N-16
14.5 Dia x 19.5H,35, Regular Height Stool ,4508-PH
14.5 Dia x 28H,39,Pub Height Stool,4508-PH
32 x 25.5 x 20.25H,145," Ottoman, Show Wood ",1234-1
30.5 x 34.5 x 39.75H,289," Accent Chair, Show Wood ",1234-1
26 Dia x 38H,349," Wine Barrel Refrigerator, Dark Cherry ",4521
26 Dia x 38H,349," Wine Barrel Refrigerator, Dark Oak ",4520
46.5 x 20.5 x 18H,75,Bench,4507-F2
46.5 x 20.5 x 18H,75,Bench,4507-F1
46 x 20.5 x 19H,109,Bench,4506PU
55.25 x 17 x 21H,145,Bench,4502FA
36 x 26 x 19.5H,85,Lift Top Storage Cocktail Ottoman,4501-F2
36 x 26 x 19.5H,85,Lift Top Storage Cocktail Ottoman,4501-F1
20 Dia x 17H,37,Storage Ottoman,4500-F3
20 Dia x 17H,37,Storage Ottoman,4500-F2
20 Dia x 17H,37,Storage Ottoman,4500-F1
21.5 x 21.5 x 19.25H,55,Ottoman,5873N-ST
49.5 x 20 x 18.5H,109,Bench,5873N-BH
31 x 30.5 x 31.5H,89,Accent Chair,1192RN
31 x 30.5 x 31.5H,89,Accent Chair,1192GY
31 x 30.5 x 31.5H,89,Accent Chair,1192BL
31 x 30.5 x 31.5H,89,Accent Chair,1192BE
30 x 33.75 x 37H,155,Accent Chair,8327GY-1S
31.5 x 30.75 x 32.75H,133,Accent Chair,1193F6S
31.5 x 30.75 x 32.75H,133,Accent Chair,1193F7S
31.5 x 30.75 x 32.75H,133,Accent Chair,1193F5S
42 x 66 – 84 x 30.5H,229,Dining Table,5546-84
60 x 18.5 x 34.75H,259,Buffet / Server,5546-84
60.25 x 18.5 x 80.5H,549,Buffet & Hutch,5546-84
21.5 x 25.5 x 39.5H,55,Side Chair,5546-84
55 x 31.5 x 29.5H,37,Dining Table Glass Top,5538W
16.5 x 19.75 x 38.5H,13,"Side Chair, White Bi-Cast Vinyl",5538W
16.5 x 19.75 x 38.5H,13,"Side Chair, Black Bi-Cast Vinyl",5538BK
55 x 31.5 x 29.5H,37,Dining Table Glass Top,5538BK
42 x 42 x 35.5H,69,Dining Table Glass Top,5532-36
17 x 20.25 x 43.25H,25,Counter Height Chair,5532-36
24.5 x 27.25 x 41H,100,Arm Chair,5531-112
21 x 27.25 x 41H,90,Side Chair,5531-112
47.75 x 76 – 94 – 112 x 30.25H,489,Double Pedestal Dining Table,5531-112
70 x 20 x 88H,999,Buffet & Hutch,5531-112
54 x 17.75 x 60.5H,349,Curio,5530-78
25 x 24.25 x 41H,59,Windsor Chair with Arms,5530-78
21.5 x 22 x 40.5H,50,Windsor Chair,5530-78
42 x 60 – 78 x 29.5H,249,Double Pedestal Dining Table,5530-78
39.75 x 25 x 39.75H,109,Counter Height Bench,5525-36
50 x 18 x 36H,299,Server,5525-36
18 x 24.5 x 39.5H,55,Counter Height Chair,5525-36
54 x 54 x 36H,229,"Counter Height Table, Black Glass Insert",5525-36
40 x 72 x 30H,229,"Dining Table, Black Glass Insert",5525-72
50 x 18 x 36H,299,Server,5525-72
18 x 24.5 x 38H,50,Side Chair,5525-72
48 x 16 x 18H,69,"48"" Bench",5520-78
20.5 x 22.5 x 40H,45,Side Chair,5520-78
47.75 x 18 x 36H,259,Server,5520-78
40 x 60 – 78 x 29.5H,239,Dining Table,5520-78
52 x 19 x 36H,279,Server,5518-78
18.25 x 22 x 38H,40,Side Chair,5518-78
42 x 60 – 78 x 30H,269,Dining Table,5518-78
53 x 17.75 x 36H,319,Server,5517-78
41.75 x 77 x 30H,263,Dining Table,5517-78
22 x 22.5 x 33.5H,59,Arm Chair,5517-78
17.25 x 23 x 39H,37,"Side Chair, Black",5516-66
17.25 x 23 x 39H,37,"Side Chair, White",5516-66
17.25 x 23 x 39H,37,"Side Chair, Teal",5516-66
17.25 x 23 x 39H,37,"Side Chair, Buttermilk",5516-66
38 x 66 x 29.75H,121,Dining Table,5516-66
31 x 47.25 x 29.5H,65,Dining Table,5515GY
18.75 x 21.25 x 30.5H,21,Side Chair,5515GY
35.75 x 65.75 x 30H,119,Dining Table,5510-66
19 x 23 x 38H,39,Side Chair,5510-66
18 x 22 x 40H,45,Side Chair,5504-78
60 x 18 x 42H,369,Server,5504-78
42 x 60 – 78 x 30H,219,Dining Table,5504-78
35.5 x 63 – 78.75 x 30H,239,Dining Table,5503
16.5 x 22 x 39.5H,40,Side Chair,5503
40 x 72 x 30H,249,Dining Table,5544-72
50 x 16 x 17.75H,79,Bench,5544-72
54 x 18 x 36H,279,Server,5544-72
20.5 x 24.5 x 38H,49,Side Chair,5544-72
48 x 16.5 x 19.25H,55,"48"" Bench",5496-78
42 x 60 – 78 x 30H,229,Dining Table,5496-78
54 x 18 x 36H,329,Server,5496-78
42 x 22.25 x 40H,49,Side Chair,5496-78
71 x 21.25 x 35.5H,499,Server,5494-76
23.5 x 31.25 x 42H,110,Arm Chair,5494-76
23.5 x 31.25 – 106 x 42H,100,Side Chair,5494-76
60 x 60 – 76 x 30H,299,Round / Oval Pedestal Dining Table,5494-76
71 x 21.25 x 35.5H,499,Server,5494-106
23.5 x 31.25 – 106 x 42H,100,Side Chair,5494-106
45.5 x 84 – 106 x 30H,379,Double Pedestal Dining Table,5494-106
23.5 x 31.25 x 42H,110,Arm Chair,5494-106
36 x 66 x 30H,123,Dining Table,5512-66
18 x 23 x 36H,28,Side Chair,5512-66
36 x 69 x 36H,109,Counter Height Table,5489-36
16.5 Dia x 35.5H,30,Swivel Counter Height Chair,5489-36
25 x 24 x 32.5H,49,Arm Chair,5491-48
48 Dia x 30H,133,Round Dining Table with Glass Top,5491-48
14.25 Dia x 19.75H,32,"Round Stool, Adjustable Height",5488-36RD
45 Dia x 30.25H,137,"Round Table, Adjustable Height",5488-36RD
19 x 23 x 38H,49,Side Chair,5479-72
39 x 72 x 30H,379,Dining Table,5479-72
60 x 15.5 x 17.75H,145,"60"" Bench",5479-72
27.5 x 31 x 38.5H,119,"Accent Chair, Right",1277
27.5 x 31 x 38.5H,119,"Accent Chair, Left",1277
47.5 x 24 x 18.5H,59,Ottoman,9789BRG-3LC
78 x 58 x 34.5H,195,Reversible Sofa Chaise,9789BRG-3LC
36 x 36 x 17.75H,75,Ottoman,8226GY
36 x 36 x 34H,95,Armless Chair,8226GY
36.5 x 36.5 x 34H,115,Corner Seat,8226GY
36.5 x 36.5 x 34H,115,Corner Seat,8226DB
36 x 36 x 34H,95,Armless Chair,8226DB
36 x 36 x 17.75H,75,Ottoman,8226DB
37.5 x 26 x 18H,50,Ottoman,8367CH-3
32.75 x 78 x 33.5H,149," Reversible Chaise, Left/Right Unit ",8367CH-3
76.5 x 32.5 x 33.5H,149," Reversible 3-Seater, Left/Right Unit ",8367CH-3
76.5 x 32.5 x 33.5H,149," Reversible 3-Seater, Left/Right Unit ",8367TP-3
32.75 x 78 x 33.5H,149," Reversible Chaise, Left/Right Unit ",8367TP-3
37.5 x 26 x 18H,50,Ottoman,8367TP-3
84 x 107 x 35H,299,Reversible Sectional,8202CH-SC
72 x 32 x 35H,139,Sofa,8202CH-3
56.75 x 32 x 35H,119,Love Seat,8202CH-3
84 x 107 x 35H,299,Reversible Sectional,8202GRY-SC
56.75 x 32 x 35H,119,Love Seat,8202GRY-3
72 x 32 x 35H,139,Sofa,8202GRY-3
76 x 33 x 34H,149,Left Side 3-Seater,8378GRY-L
45 x 25 x 20H,59,Ottoman,8378GRY-L
80 x 33 x 34H,149,Right Side Chaise,8378GRY-L
45 x 25 x 20H,59,Ottoman,8378BLK-L
76 x 33 x 34H,149,Left Side 3-Seater,8378BLK-L
80 x 33 x 34H,149,Right Side Chaise,8378BLK-L
76 x 33 x 34H,149,Left Side 3-Seater,8378BRW-L
45 x 25 x 20H,59,Ottoman,8378BRW-L
80 x 33 x 34H,149,Right Side Chaise,8378BRW-L
63 x 34 x 35H,139,Love Seat,8219-3
47 x 24 x 17H,70,Cocktail Table,8219-3
78 x 34 x 35H,160,Sofa,8219-3
43 x 34 x 35H,90,Chair,8219-3
39.25 x 32.5 x 30.5H,120,Chair,8224TN-3
58 x 32.5 x 30.5H,179,Love Seat,8224TN-3
78.25 x 32.5 x 30.5H,199,Sofa,8224TN-3
39.25 x 32.5 x 30.5H,120,Chair,8224DG-3
78.25 x 32.5 x 30.5H,199,Sofa,8224DG-3
58 x 32.5 x 30.5H,179,Love Seat,8224DG-3
39.5 x 38.25 x 37.5H,139,Chair,8204-3
86.5 x 38.25 x 37.5H,219,Sofa,8204-3
63 x 38.25 x 37.5H,199,Love Seat,8204-3
85.5 x 34.25 x 36.5H,199,Sofa,8216SD-3
40.5 x 34.25 x 36.5H,119,Chair,8216SD-3
63 x 34.25 x 36.5H,179,Love Seat,8216SD-3
63 x 34.25 x 36.5H,179,Love Seat,8216DG-3
85.5 x 34.25 x 36.5H,199,Sofa,8216DG-3
40.5 x 34.25 x 36.5H,119,Chair,8216DG-3
39.25 x 35.5 x 37H,139,Chair,8225-3
26 x 26 x 19H,59,Ottoman,8225-3
87 x 35.5 x 37H,215,Sofa,8225-3
75.5 x 35.5 x 37H,195,Love Seat,8225-3
35.5 x 33 x 34H,129,Chair,8203GY-3
79.5 x 33 x 34H,189,Sofa,8203GY-3
57.5 x 33 x 34H,169,Love Seat,8203GY-3
57.5 x 33 x 34H,169,Love Seat,8203RD-3
79.5 x 33 x 34H,189,Sofa,8203RD-3
35.5 x 33 x 34H,129,Chair,8203RD-3
31 x 58.5 x 33H,133,Left Side Chaise,8235SS
58 x 34.5 x 33H,144,Right Side 2-Seater,8235SS
88.25 x 34.5 x 33H,199,Sofa,8235SS-3
35 x 34.5 x 33H,119,Chair,8235SS-3
61.5 x 34.5 x 33H,179,Love Seat,8235SS-3
31 x 58.5 x 33H,133,Left Side Chaise,8235GY
58 x 34.5 x 33H,144,Right Side 2-Seater,8235GY
16.25 x 16.25 x 17.5H,129,4pc Ottoman Pack with Storage,3217PU
36 Dia x 20.5H,115,Gas Lift Table,3217PU
47 x 24 x 17H,70,Cocktail Table,8219-30
48 x 26 x 19.5H,119,Cocktail Table,5438-30
24 x 26 x 24.25H,99,End Table,5438-30
48 x 18 x 30.25H,119,Sofa Table,5438-30
24 x 23.5 x 23.75H,65,End Table,5400-30
47.75 x 17.75 x 30H,85,Sofa Table,5400-30
47.75 x 26 x 18H,85,Cocktail Table,5400-30
24 Dia x 22.5H,89,Round End Table with Glass Top,3593-01
36 Dia x 17.25H,109,Round Cocktail Table with Glass Top,3593-01
52 x 32 x 20H,79,Cocktail Table with Glass Top,2952-30
26 Dia x 24H,59,End Table with Glass Top,2952-30
48 x 18 x 28H,79,Sofa Table with Glass Top,2952-30
47.75 x 16.75 x 30.75H,139,Sofa Table with Glass Top,3534-30
27 x 21 x 24.75H,89,End Table with Glass Top,3534-30
47.75 x 26.75 x 18.5H,139,Cocktail Table with Hidden Tray and Glass Top,3534-30
22 x 22 x 21.25H,69,End Table,8079-30
47.25 x 23.5 x 17.75H,85,Cocktail Table,8079-30
50 x 18.5 x 29.25H,179,Sofa Table,5428-30
50 x 26 x 17.25H,179,Cocktail Table,5428-30
26 x 24 x 23.25H,119,End Table,5428-30
24 x 26 x 25H,175,End Table,1935-30
54 x 31 x 20H,199,Cocktail Table with Glass Inset,1935-30
56 x 18 x 30H,199,Sofa Table,1935-30
25 x 23 x 24H,109,End Table with Marble Top,3551-30
48 x 18 x 31H,139,Sofa Table with Marble Top,3551-30
48 x 26 x 20H,139,Cocktail Table with Marble Top,3551-30
48 x 24 x 19H,85,Cocktail Table with Marble Top,5466-30
24 x 22 x 24H,75,End Table with Marble Top,5466-30
48 x 26 x 20H,119,Cocktail Table with Lift Top on Casters,3587-30
24 x 22 x 24H,79,End Table with Functional Drawer,3587-30
24 x 24 x 24H,125,End Table with Functional Drawer,3581-30
48 x 28 x 20.5H,179,Cocktail Table with Lift Top and Two Functional Drawers on Casters,3581-30
48 x 26 x 18H,149,Cocktail Table with Lift Top and Functional Drawer on Casters,3256RF-30
14 x 24 x 24H,49,Chairside Table,3256RF-30
22 x 24 x 22H,69,End Table with Functional Drawer,3256RF-30
18 x 24 x 24H,65,Chairside Table with Functional Drawer,3257RF-30
24 x 27 x 24H,79,End Table with Functional Drawer,3257RF-30
50 x 28 x 20H,139,Cocktail Table with Lift Top on Casters,3257RF-30
47.75 x 16 x 30H,169,Sofa Table with Functional Drawer,3533-30
21 x 26 x 24H,99,End Table with Functional Drawer,3533-30
47.75 x 26 x 17.75H,169,Cocktail Table with Lift Top and Storage,3533-30
21.25 x 21.25 x 22.5H,55,End Table,3588-30
47 x 23 x 18.5H,109,Cocktail Table with Lift Top on Casters,3588-30
28 x 26 x 24H,229, End Table with Marble Top ,8412-30
52 x 30 x 20H,279, Cocktail Table with Marble Top ,8412-30
50 x 18.5 x 30H,155,Sofa Table,5177-30
50 x 26 x 19H,155,Cocktail Table,5177-30
26 x 24 x 24H,125,End Table,5177-30
56 x 20 x 32H,239, Sofa Table with Marble Top ,3526-30
54 x 34 x 20H,239, Cocktail Table with Marble Top ,3526-30
28 x 28 x 24H,185, End Table with Marble Top ,3526-30
26 x 15 x 74H,155,"26"" W Bookcase",3224N-30
40 x 18 x 72H,199,"40"" W Bookcase",3224N-30
23.75 x 21.75 x 24H,69,End Table,3224N-30
50 x 18 x 30H,149,Sofa Table / TV Stand,3224N-30
47.75 x 23.75 x 18H,99,Cocktail Table,3224N-30
40 x 18 x 72H,199,"40"" W Bookcase",3224N-05
50 x 18 x 30H,149,Sofa Table / TV Stand,3224N-05
26 x 15 x 74H,155,"26"" W Bookcase",3224N-05
47.75 x 23.75 x 18H,99,Cocktail Table,3224N-05
23.75 x 21.75 x 24H,69,End Table,3224N-05
26 x 26 x 20H,67,End Table with All Glass,17809
36 x 36 x 17H,91,Cocktail Table with All Glass,17809
31 x 27 x 24H,62,End Table with Glass Insert,3508-30
51.75 x 23.75 x 31H,83,Sofa Table with Glass Insert,3508-30
51.75 x 32 x 18H,83,Cocktail Table with Glass Insert,3508-30
38 x 17.5 x 54.25H,209,Chest,1990-1
HB: 63H FB: 24H,329,Eastern King Bed,1990-1
28 x 17.5 x 28H,109,Night Stand,1990-1
66 x 17.5 x 38.5H,259,Dresser,1990-1
HB: 63H FB: 24H,249,Queen Bed,1990-1
50 x 1.5 x 36H,72,Mirror,1990-1
HB: 63H FB: 24H,329,California King Bed,1990-1
36 x 1.5 x 36H,31,Mirror,2042-1
22 x 16 x 22H,55,Night Stand,2042-1
54 x 16 x 36H,145,Dresser,2042-1
34 x 16 x 48H,129,Chest,2042-1
HB: 48H FB: 16H,129,Queen Bed,2042-1
HB: 48H FB: 16H,109,Full Bed,2042-1
HB: 50H FB: 25.5H,179, Full Platform Metal Bed ,2867-1
HB: 50H FB: 25.5H,219, Eastern King Platform Metal Bed ,2867-1
HB: 50H FB: 25.5H,179, Queen Platform Metal Bed ,2867-1
HB: 50H FB: 25.5H,219, California King Platform Metal Bed ,2867-1
21.5 x 21.5 x 19.25H,55,Ottoman,5873N-1
49.5 x 20 x 18.5H,109,Bench,5873N-1
HB: 56H FB: 22.75H,249,California King Bed,5873N-1
HB: 56H FB: 22.75H,199,Queen Bed,5873N-1
HB: 56H FB: 22.75H,249,Eastern King Bed,5873N-1
HB: 64.5H FB: 14.25H,209,California King Bed,5872N-1
HB: 64.5H FB: 14.25H,209,Eastern King Bed,5872N-1
HB: 64.5H FB: 14.25H,159,Queen Bed,5872N-1
40.5 x 18 x 52.75H,199,Chest,5438-1
44 x 2.5 x 36H,42,Mirror,5438-1
HB: 59.5H FB: 19H,399,Eastern King Platform Bed with Footboard Storages,5438-1
HB: 59.5H FB: 19H,299,Queen Platform Bed with Footboard Storages,5438-1
HB: 59.5H FB: 19H,399,California King Platform Bed with Footboard Storages,5438-1
64.5 x 18 x 38.75H,239,Dresser,5438-1
28.5 x 17 x 30H,119,Night Stand,5438-1
HB: 55.5H FB: 17.25H,239,Queen Bed,5415RF-1
46.5 x 1.25 x 40.75H,73,Mirror,5415RF-1
61 x 18 x 37H,309,Dresser,5415RF-1
HB: 55.5H FB: 17.25H,329,Eastern King Bed,5415RF-1
36 x 18 x 52.25H,249,Chest,5415RF-1
28 x 16 x 26.5H,129,Night Stand,5415RF-1
HB: 55.5H FB: 17.25H,329,California King Bed,5415RF-1
HB: 54.5H FB: 30H,359,California King Sleigh Bed,5400-1
HB: 54.5H FB: 30H,359,Eastern King Sleigh Bed,5400-1
HB: 54.5H FB: 30H,279,Queen Sleigh Bed,5400-1
27.5 x 17.75 x 27.5H,109,Night Stand,5400-1
38 x 17.75 x 52H,219,Chest,5400-1
43 x 2.25 x 37.5H,52,Mirror,5400-1
63 x 17.75 x 39.5H,259,Dresser,5400-1
HB: 57H FB: 21H,399,Queen Sleigh Platform Bed with Footboard Storages,2259GY-1
65 x 18 x 40H,299,Dresser with Hidden Drawer,2259GY-1
HB: 57H FB: 21H,499,Eastern King Sleigh Platform Bed with Footboard Storage,2259GY-1
HB: 57H FB: 21H,499,California King Sleigh Platform Bed with Footboard Storage,2259GY-1
39 x 18 x 54H,250,Chest,2259GY-1
28.5 x 18 x 29.75H,139,Night Stand with Hidden Drawer,2259GY-1
42.5 x 1.5 x 36.5H,62,Mirror,2259GY-1
38.5 x 1.5 x 42.25H,52,Mirror,2046-1
HB: 50.5H FB: 16.5H,159,Queen Bed,2046-1
HB: 50.5H FB: 16.5H,209,Eastern King Bed,2046-1
47.75 x 18 x 31H,149,Writing Desk,2046-1
HB: 50.5H FB: 16.5H,209,California King Bed,2046-1
58 x 17 x 33.75H,179,Dresser,2046-1
36 x 17 x 50.25H,179,Chest,2046-1
HB: 50.5H FB: 16.5H,159,Full Bed,2046-1
23.75 x 16.5 x 25.5H,69,Night Stand,2046-1
33.25 x 19.25 x 31.25H,199,Night Stand,1978W-1
44 x 19.25 x 56H,349,Chest,1978W-1
HB: 72.25H FB: 30.25H,499,Eastern King Bed,1978W-1
HB: 72.25H FB: 30.25H,499,California King Bed,1978W-1
HB: 72.25H FB: 30.25H,399,Queen Bed,1978W-1
70 x 19.75 x 38H,389,Dresser,1978W-1
46 x 2 x 46H,112,Mirror,1978W-1
HB: 63.5H FB: 31.5H,199,Full Bed,1977-1
HB: 63.5H FB: 31.5H,279,Eastern King Bed,1977-1
38 x 17.75 x 52.25H,199,Chest,1977-1
HB: 63.5H FB: 31.5H,199,Queen Bed,1977-1
46 x 2.5 x 36H,52,Mirror,1977-1
62 x 17.75 x 38.25H,239,Dresser,1977-1
HB: 63.5H FB: 31.5H,279,California King Bed,1977-1
41.5 x 22 x 67.75H,369,Armoire,1977-1
28 x 16 x 27.75H,109,Night Stand,1977-1
HB: 56H FB: 22H,189,Eastern King Bed,1968-1
HB: 56H FB: 22H,189,King Bed,1968-1
40 x 1.25 x 38.75H,32,Mirror,1968-1
59 x 16.25 x 37H,159,Dresser,1968-1
HB: 56H FB: 22H,139,Full Bed,1968-1
23.5 x 16.25 x 26.75H,69,Night Stand,1968-1
33 x 16.25 x 50.25H,139,Chest,1968-1
HB: 56H FB: 22H,139,Queen Bed,1968-1
HB: 47H FB: 12H,219,Eastern King Bed,1967W-1
HB: 47H FB: 12H,219,California King Bed,1967W-1
59 x 17.75 x 34.5H,169,Dresser,1967W-1
51.5 x 4.5 x 38.5H,72, Mirror with storage ,1967W-1
HB: 47H FB: 12H,149,Queen Bed,1967W-1
31 x 16.5 x 48.25H,130,Chest,1967W-1
23.25 x 15.5 x 23.75H,59,Night Stand,1967W-1
31.5 x 16.25 x 48.5H,119,Chest,1961-1
59 x 16.25 x 40H,172,Dresser,1961-1
HB: 55.25H FB: 16.75H,199,California King Bed,1961-1
23.5 x 16.25 x 23.5H,59,Night Stand,1961-1
41.5 x 1 x 34H,29,Mirror,1961-1
HB: 55.25H FB: 16.75H,199,Eastern King Bed,1961-1
HB: 55.25H FB: 16.75H,139,Queen Bed,1961-1
69.75 x 18.5 x 72H,425,Vanity Dresser with Mirror,1958-1
39.25 x 2 x 39.25H,73,Mirror,1958-1
40.5 x 19.5 x 52.5H,249,Chest,1958-1
18.5 x 16.5 x 19H,49,Vanity Stool,1958-1
HB: 60H FB: 19.25H,299,Queen Bed,1958-1
65 x 19.5 x 36.75H,279,Dresser,1958-1
HB: 60H FB: 19.25H,399,California King Bed,1958-1
27 x 17.75 x 27.25H,139,Night Stand,1958-1
HB: 60H FB: 19.25H,399,Eastern King Bed,1958-1
HB: 54H FB: 17.75H,329,California King Platform Bed with Footboard Storages,1957-1
26 x 17.75 x 27.5H,109,Night Stand,1957-1
37.5 x 17.75 x 53.5H,219,Chest,1957-1
HB: 54H FB: 17.75H,329,Eastern King Platform Bed with Footboard Storages,1957-1
40.25 x 1 x 34.75H,53,Mirror,1957-1
62.5 x 17.75 x 39.5H,269,Dresser,1957-1
HB: 54H FB: 17.75H,249,Queen Sleigh Platform Bed with Footboard Storages,1957-1
22 x 16 x 23H,59,Night Stand,1955-1
34 x 16 x 48H,130,Chest,1955-1
HB: 52H FB: 18H,149,Eastern King Bed,1955-1
HB: 52H FB: 18H,109,Full Bed,1955-1
HB: 52H FB: 18H,149,California King Bed,1955-1
41 x 1 x 36H,32,Mirror,1955-1
HB: 52H FB: 18H,109,Queen Bed,1955-1
58 x 16 x 36H,169,Dresser,1955-1
36 x 17.75 x 52H,170,Chest,1949-1
HB: 59.25H FB: 30.5H,299,Eastern King Bed,1949-1
42.5 x 2.25 x 44H,62,Mirror,1949-1
23.75 x 16 x 26H,89,Night Stand,1949-1
64 x 17.75 x 34H,209,Dresser,1949-1
HB: 59.25H FB: 30.5H,299,California King Bed,1949-1
HB: 59.25H FB: 30.5H,219,Queen Bed,1949-1
40 x 18 x 54.25H,259,Chest,1947-1
68 x 17.5 x 38.25H,299,Dresser,1947-1
48 x 1.25 x 38H,82,Mirror,1947-1
HB: 66.25H FB: 37H,399,Queen Bed,1947-1
28 x 18 x 29.25H,119,Night Stand,1947-1
HB: 88H FB: 88H,449,Queen Canopy Bed,1946-1
69 x 19.75 x 44.75H,379,Dresser,1946-1
33 x 19 x 30H,179,Night Stand,1946-1
50.75 x 1.75 x 32.75H,92,Mirror,1946-1
44 x 19.75 x 60H,339,Chest,1946-1
HB: 88H FB: 88H,549,California King Canopy Bed,1946-1
HB: 88H FB: 88H,549,Eastern King Canopy Bed,1946-1
64 x 16.75 x 66.5H,365,Vanity Dresser with Mirror,1916BK-1
47.25 x 1.5 x 38H,113,"Mirror, LED Lighting",1916BK-1
38 x 17 x 51H,249,Chest,1916BK-1
54 x 18 x 19H,75,Bench,1916BK-1
HB: 59.75H FB: 26.25H,299,"Full Bed, LED Lighting",1916BK-1
HB: 59.75H FB: 26.25H,389,"California King Bed, LED Lighting",1916BK-1
63.75 x 17 x 39H,299,Dresser,1916BK-1
16 x 16 x 19H,34,Vanity Stool,1916BK-1
28 x 17 x 28H,139,"Night Stand, LED Lighting",1916BK-1
HB: 59.75H FB: 26.25H,389,"Eastern King Bed, LED Lighting",1916BK-1
HB: 59.75H FB: 26.25H,299,"Queen Bed, LED Lighting",1916BK-1
HB: 58H FB: 26H,219,Queen Sleigh Bed,1909RF-1
39 x 18.5 x 55H,269,Chest,1909RF-1
64 x 18.5 x 42H,329,Dresser,1909RF-1
46 x 1.5 x 37H,63,Mirror,1909RF-1
27 x 17 x 28H,119,Night Stand,1909RF-1
HB: 58H FB: 26H,279,Eastern King Sleigh Bed,1909RF-1
HB: 58H FB: 26H,279,California King Sleigh Bed,1909RF-1
49.25 x 2 x 39.25H,63,Mirror,1907W-1
HB: 61H FB: 31H,249,Queen Bed,1907W-1
63 x 17.25 x 40H,329,Dresser,1907W-1
HB: 61H FB: 31H,349,Eastern King Bed,1907W-1
27.75 x 17.25 x 26H,109,Night Stand,1907W-1
44.5 x 17.25 x 53.75H,299,Chest,1907W-1
HB: 61H FB: 31H,349,California King Bed,1907W-1
HB: 64.25H FB: 33.75H,499,Eastern King Bed,1866GY-1
41.5 x 18.25 x 60.75H,370,Chest,1866GY-1
74.25 x 18.25 x 41.5H,488,Dresser,1866GY-1
58.25 x 3 x 39H,127,Mirror,1866GY-1
HB: 64.25H FB: 33.75H,499,California King Bed,1866GY-1
29 x 17 x 29.25H,185,Night Stand,1866GY-1
HB: 64.25H FB: 33.75H,399,Queen Bed,1866GY-1
77.75 x 41.25 x 37.5H,199, Twin/Twin Trundle Bed with Two Storage Drawers ,B2043PR-1
30 x 17 x 37.25H,109,Chest,B2043PR-1
23 x 17 x 21.75H,59,Night Stand,B2043PR-1
37.5 x 16.5 x 10.75H,37,Storage Boxes,B2043SB-1
96.75 x 41.25 x 63.25H,349, Bunk Bed with Reversible Step Storage ,B2043SB-1
74.75 x 40.5 x 10.75H,52,Twin Trundle,B2043SB-1
23 x 17 x 21.75H,59,Night Stand,B2043SB-1
30 x 17 x 37.25H,109,Chest,B2043SB-1
77.75 x 57.5 x 65H,209,Twin / FULL Bunk Bed,B2043FF-1
77.75 x 42.5 x 65H,179,Twin / Twin Bunk Bed,B2043FF-1
77.75 x 57.5 x 65H,265,Full / Full Bunk Bed,B2043FF-1
74.75 x 40.5 x 10.75H,52,Twin Trundle,B2043FF-1
23 x 17 x 21.75H,59,Night Stand,B2043FF-1
30 x 17 x 37.25H,109,Chest,B2043FF-1
37.5 x 16.5 x 10.75H,37,Storage Boxes,B2043FF-1
23 x 17 x 21.75H,59,Night Stand,B2053PRW-1
30 x 17 x 37.25H,109,Chest,B2053PRW-1
77.75 x 41.25 x 37.5H,199, Twin/Twin Trundle Bed with Two Storage Drawers ,B2053PRW-1
37.5 x 16.5 x 10.75H,37,Storage Boxes,B2053SBW-1
23 x 17 x 21.75H,59,Night Stand,B2053SBW-1
74.75 x 40.5 x 10.75H,52,Twin Trundle,B2053SBW-1
30 x 17 x 37.25H,109,Chest,B2053SBW-1
96.75 x 41.25 x 63.25H,349, Bunk Bed with Reversible Step Storage ,B2053SBW-1
77.75 x 42.5 x 65H,179,Twin/Twin Bunk Bed,B2053FFW-1
74.75 x 40.5 x 10.75H,52,Twin Trundle,B2053FFW-1
77.75 x 57.5 x 65H,209,Twin / FULL Bunk Bed,B2053FFW-1
30 x 17 x 37.25H,109,Chest,B2053FFW-1
23 x 17 x 21.75H,59,Night Stand,B2053FFW-1
77.75 x 57.5 x 65H,265,Full / Full Bunk Bed,B2053FFW-1
37.5 x 16.5 x 10.75H,37,Storage Boxes,B2053FFW-1
30 x 17 x 37.25H,109,Chest,B2013PRDC-1
23 x 17 x 21.75H,59,Night Stand,B2013PRDC-1
77.75 x 41.25 x 37.5H,199, Twin/Twin Trundle Bed with Two Storage Drawers ,B2013PRDC-1
96.75 x 41.25 x 63.25H,349, Bunk Bed with Reversible Step Storage ,B2013SBDC-1
37.5 x 16.5 x 10.75H,37,Storage Boxes,B2013SBDC-1
30 x 17 x 37.25H,109,Chest,B2013SBDC-1
23 x 17 x 21.75H,59,Night Stand,B2013SBDC-1
74.75 x 40.5 x 10.75H,52,Twin Trundle,B2013SBDC-1
HB: 40.5H FB: 25.75H,69,Full Metal Platform Bed,2052FW-1
HB: 40.5H FB: 25.75H,49,Twin Metal Platform Bed,2052FW-1
HB: 40.5H FB: 25.75H,69,Full Metal Platform Bed,2051FBK-1
HB: 40.5H FB: 25.75H,49,Twin Metal Platform Bed,2051FBK-1
HB: 35.5H FB: 24.5H,89,Full Metal Platform Bed,2049F-1
HB: 35.5H FB: 24.5H,69,Twin Metal Platform Bed,2049F-1
HB: 35.5H FB: 24.5H,89,Full Metal Platform Bed,2050F-1
HB: 35.5H FB: 24.5H,69,Twin Metal Platform Bed,2050F-1
HB: 39.5H FB: 25.75H,69,Full Metal Platform Bed,2048FW-1
HB: 39.5H FB: 25.75H,49,Twin Metal Platform Bed,2048FW-1
HB: 39.5H FB: 25.75H,69,Full Metal Platform Bed,2047FBK-1
HB: 39.5H FB: 25.75H,49,Twin Metal Platform Bed,2047FBK-1
38.25 x 2 x 42H,72,Mirror,2039TW-1
32 x 17 x 48H,179,Chest,2039TW-1
23.75 x 15.75 x 24H,89,Night Stand,2039TW-1
HB: 52H FB: 26H,149,Twin Bed,2039TW-1
HB: 52H FB: 26H,179,Full Bed,2039TW-1
54 x 17 x 33H,189,Dresser,2039TW-1
22 x 16 x 22H,55,Night Stand,2042T-1
34 x 16 x 48H,129,Chest,2042T-1
36 x 1.5 x 36H,31,Mirror,2042T-1
54 x 16 x 36H,145,Dresser,2042T-1
HB: 48H FB: 16H,89,Twin Bed,2042T-1
HB: 50.5H FB: 16.5H,139,Twin Bed,2046T-1
38.5 x 1.5 x 42.25H,52,Mirror,2046T-1
47.75 x 18 x 31H,149,Writing Desk,2046T-1
36 x 17 x 50.25H,179,Chest,2046T-1
58 x 17 x 33.75H,179,Dresser,2046T-1
23.75 x 16.5 x 25.5H,69,Night Stand,2046T-1
28 x 16 x 27.75H,109,Night Stand,1977T-1
HB: 58.25H FB: 27.5H,179,Twin Bed,1977T-1
38 x 17.75 x 52.25H,199,Chest,1977T-1
41.5 x 22 x 67.75H,369,Armoire,1977T-1
46 x 2.5 x 36H,52,Mirror,1977T-1
62 x 17.75 x 38.25H,239,Dresser,1977T-1
HB: 52H FB: 18H,99,Twin Bed,1955T-1
34 x 16 x 48H,130,Chest,1955T-1
22 x 16 x 23H,59,Night Stand,1955T-1
58 x 16 x 36H,169,Dresser,1955T-1
41 x 1 x 36H,32,Mirror,1955T-1
36 x 18 x 48H,199,Chest,1708T-1
HB: 59.25H FB: 16H,149,Twin Bed,1708T-1
24 x 17 x 27.5H,99,Night Stand,1708T-1
59 x 18 x 37H,229,Dresser,1708T-1
47.25 x 1 x 38H,53,Mirror,1708T-1
33 x 18 x 48H,225,Chest,1386TPP-1
56 x 18 x 33H,277,Dresser,1386TPP-1
38 x 2 x 44H,75,Mirror,1386TPP-1
24 x 17 x 29H,133,Night Stand,1386TPP-1
74.5 x 38.5 x 10H,123,Twin Trundle for Canopy Bed,1386TPP-1
HB: 76H FB: 76H,329,Full Canopy Poster Bed,1386TPP-1
HB: 76H FB: 76H,289,Twin Canopy Poster Bed,1386TPP-1
48 x 12.5 x 34H,153,Writing Desk Hutch,1386D-1
50 x 24 x 30H,334,Writing Desk,1386D-1
82 x 41 x 56H,225,Day Bed,1386D-1
35 x 19 x 55H,288,Armoire,1386D-1
18 x 20 x 38H,60,Chair,1386D-1
31.75 x 17.5 x 47.5H,110,Chest with Hidden Drawer,1856T-1
38.5 x 1.25 x 38.25H,25,Mirror,1856T-1
HB: 50.25H FB: 30.5H,105,Full Sleigh Bed,1856T-1
59.5 x 17.5 x 34.5H,129,Dresser with Two Hidden Drawers,1856T-1
21.25 x 15.75 x 24H,50,Night Stand with Hidden Drawer,1856T-1
HB: 50.25H FB: 30.5H,99,Twin Sleigh Bed,1856T-1
56.25 x 16 x 32.25H,103,Dresser,2220T-1
21.25 x 16 x 22H,39,Night Stand,2220T-1
HB: 44.5H FB: 13.5H,75,Twin Platform Bed,2220T-1
29.75 x 16 x 46.5H,89,Chest,2220T-1
HB: 44.5H FB: 13.5H,85,Full Platform Bed,2220T-1
28.75 x 0.75 x 38.75H,22,Mirror,2220T-1
HB: 52H FB: 14H,99,Full Bed,2145T-1
37.5 x 1 x 37.5H,32,Mirror,2145T-1
35.5 x 16.25 x 48.75H,100,Chest,2145T-1
58 x 16.25 x 36.5H,119,Dresser,2145T-1
23.5 x 16.25 x 24.5H,49,Night Stand,2145T-1
HB: 52H FB: 14H,79,Twin Bed,2145T-1
